Name,Type,Park Code,Org Code,Region,Park
ABRAHAM LINCOLN BIRTHPLACE,NHP,ABLI,5540,SER,ABRAHAM LINCOLN BIRTHPLACE NHP
ACADIA    ,NP,ACAD,1700,NER,ACADIA NP
ADAMS      ,NHP,ADAM,1710,NER,ADAMS NHP
AFRICAN BURIAL GROUND,NM,AFBG,1762,NER,AFRICAN BURIAL GROUND NM
AGATE FOSSIL BEDS     ,NM,AGFO,6710,MWR,AGATE FOSSIL BEDS NM
ALIBATES FLINT QUARRIES NATIONAL MONUMENT,NM,ALFL,7550,IMR,ALIBATES FLINT QUARRIES NATIONAL MONUMENT NM
ALLEGHENY PORTAGE RAILROAD ,NHS,ALPO,4130,NER,ALLEGHENY PORTAGE RAILROAD NHS
AMISTAD    ,NRA,AMIS,7100-7109,IMR,AMISTAD NRA
ANDERSONVILLE ,NHS,ANDE,5100,SER,ANDERSONVILLE NHS
ANDREW JOHNSON      ,NHS,ANJO,5450,SER,ANDREW JOHNSON NHS
ANTIETAM    ,NB,ANTI,3120,NCR,ANTIETAM NB
APOSTLE ISLANDS     ,NL,APIS,6140,MWR,APOSTLE ISLANDS NL
APPOMATTOX COURT HOUSE  ,NHP,APCO,4180,NER,APPOMATTOX COURT HOUSE NHP
ARCHES    ,NP,ARCH,1348,IMR,ARCHES NP
ARKANSAS POST     ,NMEM,ARPO,7110,MWR,ARKANSAS POST NMEM
"ASSATEAGUE ISLAND NS
",NS,ASIS,4190,NER,ASSATEAGUE ISLAND NS NS
AZTEC RUINS    ,NM,AZRU,7380,IMR,AZTEC RUINS NM
BADLANDS    ,NP,BADL,1300,MWR,BADLANDS NP
BANDELIER    ,NM,BAND,7120-7129,IMR,BANDELIER NM
BENTS OLD FORT      ,NHS,BEOL,1310,IMR,BENTS OLD FORT NHS
BIG BEND    ,NP,BIBE,7130-7139,IMR,BIG BEND NP
BIG CYPRESS    ,NPRES,BICY,5120,SER,BIG CYPRESS NPRES
BIG HOLE    ,NB,BIHO,9374,PWR,BIG HOLE NB
"BIG SOUTH FORK    

",NR&RA,BISO,5130,SER,BIG SOUTH FORK NR&RA
BIG THICKET    ,NPRES,BITH,7140-7149,IMR,BIG THICKET NPRES
"BIGHORN CANYON    
",NRA,BICA,1380,IMR,BIGHORN CANYON NRA
BIRMINGHAM CIVIL RIGHTS,NM,BICR,5730,SER,BIRMINGHAM CIVIL RIGHTS NM
BISCAYNE    ,NP,BISC,5250,SER,BISCAYNE NP
BLACK CANYON OF THE GUNNISON    ,NP,BLCA,1377,IMR,BLACK CANYON OF THE GUNNISON NP
BLUE RIDGE,PW,BLRI,5140-5159,SER,BLUE RIDGE PW
BOSTON    ,NHP,BOST,1720,NER,BOSTON NHP
BOSTON AFRICAN AMERICAN,NHS,BOAF,1723,NER,BOSTON AFRICAN AMERICAN NHS
BOSTON HARBOR ISLANDS  ,NRA,BOHA,1727,NER,BOSTON HARBOR ISLANDS NRA
BROWN V. BOARD OF EDUCATION       ,NHS,BRVB,6145,MWR,BROWN V. BOARD OF EDUCATION NHS
BRYCE CANYON    ,NP,BRCA,1330-1336,IMR,BRYCE CANYON NP
BUCK ISLAND REEF    ,NM,BUIS,5270,SER,BUCK ISLAND REEF NM
BUFFALO     ,NR,BUFF,7150-7159,MWR,BUFFALO NR
CABRILLO    ,NM,CABR,8110,PWR,CABRILLO NM
CANAVERAL    ,NS,CANA,5180,SER,CANAVERAL NS
CANE RIVER CREOLE,NHP,CARI,5720,SER,CANE RIVER CREOLE NHP
CANYON DE CHELLY    ,NM,CACH,7390,IMR,CANYON DE CHELLY NM
CANYONLANDS    ,NP,CANY,1341-1347,IMR,CANYONLANDS NP
CAPE COD    ,NS,CACO,1730,NER,CAPE COD NS
CAPE HATTERAS    ,NS,CAHA,5185-5200,SER,CAPE HATTERAS NS
CAPE LOOKOUT    ,NS,CALO,5210,SER,CAPE LOOKOUT NS
CAPITOL REEF    ,NP,CARE,1350,IMR,CAPITOL REEF NP
CAPULIN VOLCANO    ,NM,CAVO,7160,IMR,CAPULIN VOLCANO NM
CARL SANDBURG HOME      ,NHS,CARL,5160,SER,CARL SANDBURG HOME NHS
CARLSBAD CAVERNS    ,NP,CAVE,7171-7179,IMR,CARLSBAD CAVERNS NP
CASA GRANDE RUINS    ,NM,CAGR,8610,IMR,CASA GRANDE RUINS NM
CASTILLO de SAN MARCOS    ,NM,CASA,5260,SER,CASTILLO de SAN MARCOS NM
CASTLE CLINTON ,NM,CACL,1812,NER,CASTLE CLINTON NM
CASTLE MOUNTAIN,NM,CAMO,8380-8388,PWR,CASTLE MOUNTAIN NM
CATOCTIN MOUNTAIN  ,PARK,CATO,3201,NCR,CATOCTIN MOUNTAIN PARK
CEDAR BREAKS    ,NM,CEBR,1360,IMR,CEDAR BREAKS NM
CEDAR CREEK & BELLE GROVE,NHP,CEBE,4240,NER,CEDAR CREEK & BELLE GROVE NHP
CESAR E. CHAVEZ,NM,CECH,8551,PWR,CESAR E. CHAVEZ NM
CHANNEL ISLANDS    ,NP,CHIS,8120-8129,PWR,CHANNEL ISLANDS NP
CHACO CULTURE    ,NHP,CHCU,7400,IMR,CHACO CULTURE NHP
CHAMIZAL    ,NMEM,CHAM,7210-7219,IMR,CHAMIZAL NMEM
CHARLES PINCKNEY       ,NHS,CHPI,5440,SER,CHARLES PINCKNEY NHS
CHARLES YOUNG BUFFALO SOLDIERS,NM,CHYO,6240,MWR,CHARLES YOUNG BUFFALO SOLDIERS NM
CHATTAHOOCHEE RIVER     ,NRA,CHAT,5340,SER,CHATTAHOOCHEE RIVER NRA
CHESAPEAKE AND OHIO CANAL   ,NHP,CHOH,3101-3118,NCR,CHESAPEAKE AND OHIO CANAL NHP
CHICKAMAUGA AND CHATTANOOGA   ,NMP,CHCH,5220-5221,SER,CHICKAMAUGA AND CHATTANOOGA NMP
CHICKASAW    ,NRA,CHIC,7510-7519,IMR,CHICKASAW NRA
CHIRICAHUA    ,NM,CHIR,8620,IMR,CHIRICAHUA NM
CHRISTIANSTED       ,NHS,CHRI,5380,SER,CHRISTIANSTED NHS
CITY OF ROCKS NATIONAL RESERVE,OTHER,CIRO,9606,PWR,CITY OF ROCKS NATIONAL RESERVE OTHER
CLARA BARTON  ,NHS,CLBA,3340,NCR,CLARA BARTON NHS
COLONIAL ,NHP,COLO,4290-4299,NER,COLONIAL NHP
COLORADO    ,NM,COLM,1378,IMR,COLORADO NM
COLTSVILLE**,NHP,COLT,**Authorized NOT established,NER,COLTSVILLE** NHP
CONGAREE      ,NP,CONG,5240,SER,CONGAREE NP
CORONADO    ,NMEM,CORO,8630,IMR,CORONADO NMEM
COWPENS     ,NB,COWP,5510,SER,COWPENS NB
CRATER LAKE    ,NP,CRLA,9320 - 9324,PWR,CRATER LAKE NP
CRATERS OF THE MOON    ,NPRES,CRMO,9280,PWR,CRATERS OF THE MOON NPRES
CRATERS OF THE MOON    ,NM,CRMO,9280,PWR,CRATERS OF THE MOON NM
CUMBERLAND GAP      ,NHP,CUGA,5230,SER,CUMBERLAND GAP NHP
CUMBERLAND ISLAND     ,NS,CUIS,5630,SER,CUMBERLAND ISLAND NS
CURECANTI    ,NRA,CURE,1379,IMR,CURECANTI NRA
CUYAHOGA VALLEY     ,NP,CUVA,6160-6169,MWR,CUYAHOGA VALLEY NP
DAYTON AVIATION HERITAGE,NHP,DAAV,6295,MWR,DAYTON AVIATION HERITAGE NHP
DEATH VALLEY    ,NP,DEVA,8130-8138,PWR,DEATH VALLEY NP
DE SOTO     ,NMEM,DESO,5300,SER,DE SOTO NMEM
DELAWARE WATER GAP ,NRA,DEWA,4320,NER,DELAWARE WATER GAP NRA
DENALI     ,NP,DENA,"9830-9834, 
9836-9839",AKR,DENALI NP
DENALI     ,NPRES,DENA,"9830-9834, 
9836-9839",AKR,DENALI NPRES
DEVILS TOWER    ,NM,DETO,1390,IMR,DEVILS TOWER NM
DINOSAUR    ,NM,DINO,1400-1405,IMR,DINOSAUR NM
DEVILS POSTPILE    ,NM,DEPO,8590,PWR,DEVILS POSTPILE NM
DRY TORTUGAS     ,NP,DRTO,5281-5299,SER,DRY TORTUGAS NP
EBEY'S LANDING NATIONAL HISTORICAL RESERVE  ,OTHER,EBLA,9290,PWR,EBEY'S LANDING NATIONAL HISTORICAL RESERVE OTHER
EDGAR ALLAN POE  ,NHS,EDAL,4330,NER,EDGAR ALLAN POE NHS
EFFIGY MOUNDS     ,NM,EFMO,6290,MWR,EFFIGY MOUNDS NM
EISENHOWER  ,NHS,EISE,4410,NER,EISENHOWER NHS
EL MALPAIS    ,NM,ELMA,7190,IMR,EL MALPAIS NM
EL MORRO    ,NM,ELMO,7410,IMR,EL MORRO NM
EUGENE O'NEILL      ,NHS,EUON,8190,PWR,EUGENE O'NEILL NHS
EVERGLADES     ,NP,EVER,5281-5299,SER,EVERGLADES NP
FIRE ISLAND    ,NS,FIIS,1750,NER,FIRE ISLAND NS
FLIGHT 93  ,NMEM,FLNI,4140,NER,FLIGHT 93 NMEM
FLORISSANT FOSSIL BEDS    ,NM,FLFO,1410,IMR,FLORISSANT FOSSIL BEDS NM
FORD'S THEATRE  ,NHS,FOTH,3460-3466,NCR,FORD'S THEATRE NHS
FORT BOWIE      ,NHS,FOBO,8640,IMR,FORT BOWIE NHS
FORT CAROLINE     ,NMEM,FOCA,5310,SER,FORT CAROLINE NMEM
FORT DAVIS      ,NHS,FODA,5310,IMR,FORT DAVIS NHS
FORT DONELSON  ,NB,FODO,5400&5409,SER,FORT DONELSON NB
FORT FREDERICA     ,NM,FOFR,5410,SER,FORT FREDERICA NM
FORT LARAMIE      ,NHS,FOLA,1420,IMR,FORT LARAMIE NHS
FORT LARNED       ,NHS,FOLS,6340,MWR,FORT LARNED NHS
FORT MATANZAS     ,NM,FOMA,5281-5299,SER,FORT MATANZAS NM
FORT MCHENRY NATIONAL MONUMENT AND HISTORIC SHRINE,OTHER,FOMC,4340,NER,FORT MCHENRY NATIONAL MONUMENT AND HISTORIC SHRINE OTHER
FORT NECESSITY  ,NB,FONE,4160,NER,FORT NECESSITY NB
FORT POINT      ,NHS,FOPO,8160,PWR,FORT POINT NHS
FORT PULASKI     ,NM,FOPU,5420,SER,FORT PULASKI NM
FORT RALEIGH       ,NHS,FORA,5185,SER,FORT RALEIGH NHS
FORT SCOTT       ,NHS,FOSC,6350,MWR,FORT SCOTT NHS
FORT SMITH       ,NHS,FOSM,7320,MWR,FORT SMITH NHS
FORT STANWIX ,NM,FOST,1760,NER,FORT STANWIX NM
FORT SUMTER                                (includes Fort Moultrie-FOMO),NM,FOSU,5430&5440,SER,FORT SUMTER                                (includes Fort Moultrie-FOMO) NM
FORT UNION    ,NM,FOUN,7230,IMR,FORT UNION NM
FORT UNION TRADING POST       ,NHS,FOUS,1549,MWR,FORT UNION TRADING POST NHS
FORT VANCOUVER      ,NHS,FOVA,9430,PWR,FORT VANCOUVER NHS
FOSSIL BUTTE    ,NM,FOBU,1468,IMR,FOSSIL BUTTE NM
FREDRICK LAW OLMSTED  ,NHS,FRLA,1850,NER,FREDRICK LAW OLMSTED NHS
FREDRICKSBURG & SPOTSYLVANIA ,NMP,FRSP,4370/4378/ 4379,NER,FREDRICKSBURG & SPOTSYLVANIA NMP
FREEDOM RIDERS,NM,FRRI,5740,SER,FREEDOM RIDERS NM
FRIENDSHIP HILL  ,NHS,FRHI,4360,NER,FRIENDSHIP HILL NHS
GATEWAY  ,NRA,GATE,1770,NER,GATEWAY NRA
GENERAL GRANT  ,NMEM,GEGR,1814,NER,GENERAL GRANT NMEM
GEORGE ROGERS CLARK    ,NHP,GERO,6402,MWR,GEORGE ROGERS CLARK NHP
GEORGE WASHINGTON BIRTHPLACE,NM,GEWA,4380,NER,GEORGE WASHINGTON BIRTHPLACE NM
GEORGE WASHINGTON CARVER     ,NM,GWCA,6360,MWR,GEORGE WASHINGTON CARVER NM
"GEORGE WASHINGTON MEMORIAL PARKWAY (Arlington House, Great Falls Park, Glen Echo Park, Clara Barton NHS, Arlington Cemetery, Jones Point Park, Fort Hunt Park, Theodore Roosevelt Island NM)",MEMPW,GWMP,3301-3321,NCR,"GEORGE WASHINGTON MEMORIAL PARKWAY (Arlington House, Great Falls Park, Glen Echo Park, Clara Barton NHS, Arlington Cemetery, Jones Point Park, Fort Hunt Park, Theodore Roosevelt Island NM) MEMPW"
GETTYSBURG  ,NMP,GETT,4400,NER,GETTYSBURG NMP
GILA CLIFF DWELLINGS    ,NM,GICL,7250,IMR,GILA CLIFF DWELLINGS NM
GLACIER    ,NP,GLAC,1430 - 1437,IMR,GLACIER NP
GLACIER BAY    ,NP,GLBA,9815,AKR,GLACIER BAY NP
GLACIER BAY     ,NPRES,GLBA,9815,AKR,GLACIER BAY NPRES
GLEN CANYON    ,NRA,GLCA,1440-1444,IMR,GLEN CANYON NRA
GOLDEN GATE    ,NRA,GOGA,8140 - 8180,PWR,GOLDEN GATE NRA
GOLDEN SPIKE      ,NHS,GOSP,1450,IMR,GOLDEN SPIKE NHS
GOVERNORS ISLAND,NM,GOIS,1766,NER,GOVERNORS ISLAND NM
GRAND CANYON    ,NP,GRCA,8211-8227,IMR,GRAND CANYON NP
GRAND CANYON PARASHANT,NM,PARA,8230,PWR,GRAND CANYON PARASHANT NM
GRAND PORTAGE     ,NM,GRPO,6150,MWR,GRAND PORTAGE NM
GRAND TETON    ,NP,GRTE,1460 - 1467,IMR,GRAND TETON NP
GRANT-KOHRS RANCH      ,NHS,GRKO,1586,IMR,GRANT-KOHRS RANCH NHS
GREAT BASIN    ,NP,GRBA,8420,PWR,GREAT BASIN NP
GREAT SAND DUNES    ,NP,GRSA,1470,IMR,GREAT SAND DUNES NP
GREAT SAND DUNES      ,PRES,GRSA,1470,IMR,GREAT SAND DUNES PRES
GREAT SMOKY MOUNTAINS     ,NP,GRSM,5460,SER,GREAT SMOKY MOUNTAINS NP
GUADALUPE MOUNTAINS    ,NP,GUMO,7181-7189,IMR,GUADALUPE MOUNTAINS NP
GUILFORD COURTHOUSE       ,NMP,GUCO,5170,SER,GUILFORD COURTHOUSE NMP
GULF ISLANDS     ,NS,GUIS,5320-5326,SER,GULF ISLANDS NS
HAGERMAN FOSSIL BEDS    ,NM,HAFO,9608 9360,PWR,HAGERMAN FOSSIL BEDS NM
HALEAKALA    ,NP,HALE,8291-8299,PWR,HALEAKALA NP
HAMILTON GRANGE NM,NMEM,HAGR,1815,NER,HAMILTON GRANGE NM NMEM
HAMPTON  ,NHS,HAMP,4350,NER,HAMPTON NHS
HARPERS FERRY   ,NHP,HAFE,3851-3856,NCR,HARPERS FERRY NHP
HARRY S TRUMAN       ,NHS,HSTR,6460,MWR,HARRY S TRUMAN NHS
HAWAII VOLCANOES    ,NP,HAVO,8301-8306,PWR,HAWAII VOLCANOES NP
HERBERT HOOVER       ,NHS,HEHO,6470,MWR,HERBERT HOOVER NHS
HOMESTEAD     ,NM,HOME,6480,MWR,HOMESTEAD NM
HONOULIULI,NM,HONO,8890,PWR,HONOULIULI NM
HOPEWELL CULTURE       ,NHP,HOCU,6514,MWR,HOPEWELL CULTURE NHP
HOPEWELL FURNACE  ,NHS,HOFU,4430,NER,HOPEWELL FURNACE NHS
HORSESHOE BEND       ,NMP,HOBE,5480,SER,HORSESHOE BEND NMP
HOT SPRINGS     ,NP,HOSP,7300-7309,MWR,HOT SPRINGS NP
HOVENWEEP    ,NM,HOVE,1347,IMR,HOVENWEEP NM
HUBBELL TRADING POST      ,NHS,HUTR,7420,IMR,HUBBELL TRADING POST NHS
INDEPENDENCE  ,NHP,INDE,4450,NER,INDEPENDENCE NHP
INDIANA DUNES     ,NL,INDU,6300,MWR,INDIANA DUNES NL
ISLE ROYALE     ,NP,ISRO,6310,MWR,ISLE ROYALE NP
JAMES A. GARFIELD       ,NHS,JAGA,"6170, 6380",MWR,JAMES A. GARFIELD NHS
JEAN LAFITTE    ,NHP & PRES,JELA,7530-7539,SER,JEAN LAFITTE NHP & PRES
JEWEL CAVE     ,NM,JECA,1569,MWR,JEWEL CAVE NM
JIMMY CARTER       ,NHS,JICA,5690,SER,JIMMY CARTER NHS
JOHN DAY FOSSIL BEDS    ,NM,JODA,9325,PWR,JOHN DAY FOSSIL BEDS NM
JOHN FITZGERALD KENNEDY  ,NHS,JOFI,1850 (1805),NER,JOHN FITZGERALD KENNEDY NHS
JOHN MUIR      ,NHS,JOMU,8510,PWR,JOHN MUIR NHS
JOHNSTOWN FLOOD NM,NMEM,JOFL,4150,NER,JOHNSTOWN FLOOD NM NMEM
JOSHUA TREE    ,NP,JOTR,8330-8337,PWR,JOSHUA TREE NP
KALAUPAPA     ,NHP,KALA,8896,PWR,KALAUPAPA NHP
KALOKO-HONOKOHAU     ,NHP,KAHO,8320,PWR,KALOKO-HONOKOHAU NHP
KATMAI     ,NP,KATM,9796,AKR,KATMAI NP
KATMAI      ,NPRES,KATM,9796,AKR,KATMAI NPRES
KENAI  FJORDS     ,NP,KEFJ,9845,AKR,KENAI  FJORDS NP
KENNESAW MOUNTAIN       ,NBP,KEMO,5490,SER,KENNESAW MOUNTAIN NBP
KEWEENAW       ,NHP,KEWE,6410,MWR,KEWEENAW NHP
KINGS CANYON    ,NP,SEKI,8510,PWR,KINGS CANYON NP
KINGS MOUNTAIN       ,NMP,KIMO,5500,SER,KINGS MOUNTAIN NMP
KLONDIKE GOLD RUSH   ,NHP,KLSE,9580,PWR,KLONDIKE GOLD RUSH NHP
KLONDIKE GOLD RUSH   ,NHP,"KLGO
",9825,"AKR
",KLONDIKE GOLD RUSH NHP
KNIFE RIVER  INDIAN VILLAGES       ,NHS,KNRI,1548,MWR,KNIFE RIVER  INDIAN VILLAGES NHS
LAKE CLARK     ,NP,LACL,9855,AKR,LAKE CLARK NP
LAKE CLARK      ,NPRES,LACL,9855,AKR,LAKE CLARK NPRES
LAKE MEAD    ,NRA,LAKE,8360,PWR,LAKE MEAD NRA
LAKE ROOSEVELT    ,NRA,LARO,9260,PWR,LAKE ROOSEVELT NRA
LASSEN VOLCANIC    ,NP,LAVO,8400,PWR,LASSEN VOLCANIC NP
LAVA BEDS    ,NM,LABE,8410,PWR,LAVA BEDS NM
LAKE MEREDITH    ,NRA,LAMR,7540-7550,IMR,LAKE MEREDITH NRA
LEWIS AND CLARK  ,NHP,FOCL,9420,PWR,LEWIS AND CLARK NHP
LINCOLN BOYHOOD     ,NMEM,LIBO,6400,MWR,LINCOLN BOYHOOD NMEM
LINCOLN HOME        ,NHS,LIHO,6530,MWR,LINCOLN HOME NHS
LITTLE BIGHORN      ,NM,LIBI,1320,IMR,LITTLE BIGHORN NM
LITTLE RIVER CANYON     ,NPRES,LIRI,5279,SER,LITTLE RIVER CANYON NPRES
LITTLE ROCK CENTRAL HIGH SCHOOL ,NHS,CHSC,7310,MWR,LITTLE ROCK CENTRAL HIGH SCHOOL NHS
LONGFELLOW HOUSE -WASHINGTON'S HEADQUARTERS,NHS,LONG,1850 (1800),NER,LONGFELLOW HOUSE -WASHINGTON'S HEADQUARTERS NHS
LOWELL  ,NHP,LOWE,1780,NER,LOWELL NHP
LYNDON B. JOHNSON    ,NHP,LYJO,"
7350-7359",IMR,LYNDON B. JOHNSON NHP
LYNDON BAINES JOHNSON MEMORIAL GROVE ON THE POTOMAC,NMEM,GWMP,3301-3321,NCR,LYNDON BAINES JOHNSON MEMORIAL GROVE ON THE POTOMAC NMEM
MAGGIE L. WALKER  ,NHS,MAWA,4790,NER,MAGGIE L. WALKER NHS
MAMMOTH CAVE     ,NP,MACA,5530-5536,SER,MAMMOTH CAVE NP
MANASSAS      ,NBP,MANA,3840,NCR,MANASSAS NBP
MANHATTAN PROJECT,NHP,MAPR,1480,IMR,MANHATTAN PROJECT NHP
MANZANAR      ,NHS,MANZ,8760,PWR,MANZANAR NHS
MARSH-BILLINGS-ROCKEFELLER  ,NHP,MABI,1818,NER,MARSH-BILLINGS-ROCKEFELLER NHP
"MARTIN LUTHER KING, JR.",NHP,MALU,5560,SER,"MARTIN LUTHER KING, JR. NHP"
MARTIN VAN BUREN  ,NHS,MAVA,1950,NER,MARTIN VAN BUREN NHS
MESA VERDE    ,NP,MEVE,1490-1496,IMR,MESA VERDE NP
MINUTE MAN  ,NHP,MIMA,1820,NER,MINUTE MAN NHP
MINUTEMAN MISSILE       ,NHS,MIMI,1305,MWR,MINUTEMAN MISSILE NHS
MISSISSIPPI NATIONAL RIVER AND RECREATION AREA,NR&RA,MISS,1305,MWR,MISSISSIPPI NATIONAL RIVER AND RECREATION AREA NR&RA
MISSOURI NATIONAL RECREATIONAL RIVER,NRR,MNRR,1305,MWR,MISSOURI NATIONAL RECREATIONAL RIVER NRR
MOJAVE    ,NP&PRES,MOJA,"
8380-8388
",PWR,MOJAVE NP&PRES
MONOCACY    ,NB,MONO,3130-3150,NCR,MONOCACY NB
MONTEZUMA CASTLE    ,NM,MOCA,8650,IMR,MONTEZUMA CASTLE NM
MOORES CREEK     ,NB,MOCR,5550,SER,MOORES CREEK NB
MORRISTOWN,NHP,MORR,1830,NER,MORRISTOWN NHP
MOUNT RAINIER    ,NP,MORA,9450-9458,PWR,MOUNT RAINIER NP
MOUNT RUSHMORE     ,NMEM,MORU,1305,MWR,MOUNT RUSHMORE NMEM
MUIR WOODS    ,NM,MUWO,8180,PWR,MUIR WOODS NM
NATCHEZ   ,NHP,NATC,5565,SER,NATCHEZ NHP
NATCHEZ TRACE NATIONAL SCENIC TRAIL       ,NST,NATR,5570-5578 ,SER,NATCHEZ TRACE NATIONAL SCENIC TRAIL NST
NATCHEZ TRACE PARKWAY  ,PW,NATR,5570-5578 ,SER,NATCHEZ TRACE PARKWAY PW
NATIONAL  MALL,OTHER,NAMA,3401-3430,NCR,NATIONAL  MALL OTHER
"NATIONAL CAPITAL PARKS - EAST (includes Fort Washington, Frederick Douglass, Greenbelt Park, Mary McLeod Bethune Council House, Oxen Hill, Carter G. Woodson, etc.)",OTHER,NACE,3501-3564,NCR,"NATIONAL CAPITAL PARKS - EAST (includes Fort Washington, Frederick Douglass, Greenbelt Park, Mary McLeod Bethune Council House, Oxen Hill, Carter G. Woodson, etc.) OTHER"
NATIONAL MALL AND MEMORIAL PARKS,OTHER,NAMA,3401-3430,NCR,NATIONAL MALL AND MEMORIAL PARKS OTHER
MINIDOKA     ,NHS,MIIN,9360,PWR,MINIDOKA NHS
NATIONAL PARK  OF AMERICAN SAMOA,NP,NPSA,8770,PWR,NATIONAL PARK  OF AMERICAN SAMOA NP
NATURAL BRIDGES    ,NM,NABR,1349,IMR,NATURAL BRIDGES NM
NAVAJO    ,NM,NAVA,7430,IMR,NAVAJO NM
NEW BEDFORD WHALING ,NHP,NEBE,1842,NER,NEW BEDFORD WHALING NHP
NEW ORLEANS JAZZ    ,NHP,JAZZ,5705,SER,NEW ORLEANS JAZZ NHP
NEW RIVER GORGE ,NR,NERI,4780/4783-4788,NER,NEW RIVER GORGE NR
NEZ PERCE    ,NHP,NEPE,9370-9377,PWR,NEZ PERCE NHP
NICODEMUS       ,NHS,NICO,6345,MWR,NICODEMUS NHS
NINETY SIX       ,NHS,NISI,5610,SER,NINETY SIX NHS
NIOBRARA       ,NSR,NIOB,6630,MWR,NIOBRARA NSR
NORTH CASCADES    ,NP,NOCA,9470-9479,PWR,NORTH CASCADES NP
OBED      ,W&SR,OBRI,5640,SER,OBED W&SR
OCMULGEE     ,NM,OCMU,5620,SER,OCMULGEE NM
OLYMPIC    ,NP,OLYM,9500-9512,PWR,OLYMPIC NP
OREGON CAVES    ,NM&PRE,ORCA,9340,PWR,OREGON CAVES NM&PRE
ORGAN PIPE CACTUS    ,NM,ORPI,8660,IMR,ORGAN PIPE CACTUS NM
OVERMOUNTAIN VICTORY,NHT,OVVI,5520,SER,OVERMOUNTAIN VICTORY NHT
OZARK NATIONAL SCENIC RIVERWAY,NSR,OZAR,6640,MWR,OZARK NATIONAL SCENIC RIVERWAY NSR
PADRE ISLAND    ,NS,PAIS,7490-7499,IMR,PADRE ISLAND NS
PALO ALTO        ,NHP,PAAL,7580,IMR,PALO ALTO NHP
PEA RIDGE       ,NMP,PERI,7330,MWR,PEA RIDGE NMP
PEARL HARBOR (USS Arizona) (Honouliuli NM) ,NMEM,PERL,8895,PWR,PEARL HARBOR (USS Arizona) (Honouliuli NM) NMEM
PECOS    ,NHP,PECO,7500,IMR,PECOS NHP
PERRY’S VICTORY AND INTERNATIONAL PEACE MEMORIAL,NMEM,PEVI,6516,MWR,PERRY’S VICTORY AND INTERNATIONAL PEACE MEMORIAL NMEM
PETERSBURG      ,NB,PETE,4770,NER,PETERSBURG NB
PETRIFIED FOREST    ,NP,PEFO,8430,IMR,PETRIFIED FOREST NP
PETROGLYPH    ,NM,PETR,7570,IMR,PETROGLYPH NM
PICTURED ROCKS     ,NL,PIRO,6516,MWR,PICTURED ROCKS NL
PIPE SPRING    ,NM,PISP,1510,IMR,PIPE SPRING NM
PIPESTONE     ,NM,PIPE,6540,MWR,PIPESTONE NM
PINNACLES    ,NP,PINN,8450,PWR,PINNACLES NP
POINT REYES    ,NS,PORE,8450,PWR,POINT REYES NS
PU'UHONUA O HONAUNAU     ,NHP,PUHO,8280-8283,PWR,PU'UHONUA O HONAUNAU NHP
PU'UKOHOLA HEIAU      ,NHS,PUHE,8310-8313,PWR,PU'UKOHOLA HEIAU NHS
PORT CHICAGO NAVAL MAGAZINE,NM,POCH,8500,PWR,PORT CHICAGO NAVAL MAGAZINE NM
POTOMAC HERITAGE      ,NST,POHT,3991,NCR,POTOMAC HERITAGE NST
PRESIDENT WILLIAM JEFFERSON CLINTON BIRTHPLACE HOME,NHS,WICL,6365,MWR,PRESIDENT WILLIAM JEFFERSON CLINTON BIRTHPLACE HOME NHS
PRINCE WILLIAM FOREST PARK,OTHER,PRWI,3701-3714,NCR,PRINCE WILLIAM FOREST PARK OTHER
RAINBOW BRIDGE    ,NM,RABR,1449,IMR,RAINBOW BRIDGE NM
RECONSTRUCTION ERA,NM,REER,5750,SER,RECONSTRUCTION ERA NM
REDWOOD,NP,REDW,8480,PWR,REDWOOD NP
RICHMOND      ,NBP,RICH,4800-4804,NER,RICHMOND NBP
RIO GRANDE      ,W&SR,RIGR,7560,IMR,RIO GRANDE W&SR
RIVER RAISIN ,NBP,RIRA,6495,MWR,RIVER RAISIN NBP
ROCK CREEK  ,PARK,ROCR,3451-3459,NCR,ROCK CREEK PARK
ROCKY MOUNTAIN    ,NP,ROMO,1520-1529,IMR,ROCKY MOUNTAIN NP
ROGER WILLIAMS  ,NMEM,ROWI,1860,NER,ROGER WILLIAMS NMEM
ROSIE THE RIVETER/WWII HOME FRONT    ,NHP,RORI,8490,PWR,ROSIE THE RIVETER/WWII HOME FRONT NHP
ROSS LAKE  ,NRA,ROLA,9490,PWR,ROSS LAKE NRA
RUSSELL CAVE     ,NM,RUCA,5660,SER,RUSSELL CAVE NM
SAGAMORE HILL  ,NHS,SAHI,1880,NER,SAGAMORE HILL NHS
SAGUARO    ,NP,SAGU,8670,IMR,SAGUARO NP
SAINT CROIX      ,NSR,SACN,6590,MWR,SAINT CROIX NSR
SAINT CROIX ISLAND INTERNATIONAL HISTORIC SITE     ,OTHER,SACR,1708,NER,SAINT CROIX ISLAND INTERNATIONAL HISTORIC SITE OTHER
SAINT PAUL'S CHURCH  ,NHS,SAPA,1890,NER,SAINT PAUL'S CHURCH NHS
SAINT-GAUDENS  ,NHS,SAGA,1915,NER,SAINT-GAUDENS NHS
SALEM MARITIME  ,NHS,SAMA,1900,NER,SALEM MARITIME NHS
SALINAS PUEBLO MISSIONS    ,NM,SAPU,7260,IMR,SALINAS PUEBLO MISSIONS NM
SALT RIVER BAY ,NHP & ECO PRES,SARI,0,SER,SALT RIVER BAY NHP & ECO PRES
SAN ANTONIO MISSIONS   ,NHP,SAAN,7600-7609,IMR,SAN ANTONIO MISSIONS NHP
SAN FRANCISCO MARITIME    ,NHP,SAFR,8520,PWR,SAN FRANCISCO MARITIME NHP
SANTA MONICA MOUNTAINS    ,NRA,SAMO,8540-8549,PWR,SANTA MONICA MOUNTAINS NRA
SAN JUAN,NHS,SAJU,5331-5334,SER,SAN JUAN NHS
SAN JUAN ISLAND   ,NHP,SAJH,9530,PWR,SAN JUAN ISLAND NHP
SEQUOIA    ,NP,SEKI,8551-8564,PWR,SEQUOIA NP
SAND CREEK MASSACRE,NHS,SAND,1315,IMR,SAND CREEK MASSACRE NHS
SARATOGA NATIONAL HISTORICAL PARK,NHP,SARA,1910,NER,SARATOGA NATIONAL HISTORICAL PARK NHP
SAUGUS IRON WORKS  ,NHS,SAIR,1920,NER,SAUGUS IRON WORKS NHS
SCOTTS BLUFF     ,NM,SCBL,6700,MWR,SCOTTS BLUFF NM
SELMA TO MONTGOMERY,NHT,SEMO,5685,SER,SELMA TO MONTGOMERY NHT
SHENANDOAH  ,NP,SHEN,4840-4847,NER,SHENANDOAH NP
SHILOH       ,NMP,SHIL,5580&5589,SER,SHILOH NMP
SITKA    ,NHP,SITK,9835,AKR,SITKA NHP
SLEEPING BEAR DUNES     ,NL,SLBE,6620,MWR,SLEEPING BEAR DUNES NL
SPRINGFIELD ARMORY  ,NHS,SPAR,1930,NER,SPRINGFIELD ARMORY NHS
STATUE OF LIBERTY AND ELLIS ISLAND,NM,STLI,1940,NER,STATUE OF LIBERTY AND ELLIS ISLAND NM
STEAMTOWN  ,NHS,STEA,4810,NER,STEAMTOWN NHS
STONES RIVER       ,NB,STRI,5580&5589,SER,STONES RIVER NB
SUNSET CRATER VOLCANO    ,NM,SUCR,7475,IMR,SUNSET CRATER VOLCANO NM
TALLGRASS PRAIRIE     ,NPRES,TAPR,6355,MWR,TALLGRASS PRAIRIE NPRES
THADDEUS KOSCIUSZKO  ,NMEM,THKO,4460,NER,THADDEUS KOSCIUSZKO NMEM
THEODORE ROOSEVELT     ,NP,THRO,1540 - 1545,MWR,THEODORE ROOSEVELT NP
THEODORE ROOSEVELT BIRTHPLACE  ,NHS,THRB,1816,NER,THEODORE ROOSEVELT BIRTHPLACE NHS
THOMAS EDISON      ,NHP,EDIS,1840,NER,THOMAS EDISON NHP
THOMAS STONE  ,NHS,THST,4850,NER,THOMAS STONE NHS
TIMPANOGOS CAVE    ,NM,TICA,1550,IMR,TIMPANOGOS CAVE NM
TIMUCUAN ECOLOGICAL     ,PRES,TIMU,5308,SER,TIMUCUAN ECOLOGICAL PRES
TONTO    ,NM,TONT,8680,IMR,TONTO NM
TULE LAKE,NM,TULE,8410,PWR,TULE LAKE NM
TULE SPRINGS FOSSIL BEDS,NM,TUSK,8379,PWR,TULE SPRINGS FOSSIL BEDS NM
TUMACACORI     ,NHP,TUMA,8690,IMR,TUMACACORI NHP
TUSKEGEE AIRMEN       ,NHS,TUAI,5682,SER,TUSKEGEE AIRMEN NHS
TUSKEGEE INSTITUTE      ,NHS,TUIN/      SEMO,5680,SER,TUSKEGEE INSTITUTE NHS
TUZIGOOT    ,NM,TUZI,8650,IMR,TUZIGOOT NM
ULYSSES S. GRANT       ,NHS,ULSG,6519,MWR,ULYSSES S. GRANT NHS
UPPER DELAWARE ,S&RR,UPDE,4870,NER,UPPER DELAWARE S&RR
VALLES CALDERA,NPRES,VALL,"1290-1297
",IMR,VALLES CALDERA NPRES
VALLEY FORGE  ,NHP,VAFO,4860,NER,VALLEY FORGE NHP
VICKSBURG       ,NMP,VICK,5600-5609,SER,VICKSBURG NMP
VIRGIN ISLANDS     ,NP,VIIS,5661-5365,SER,VIRGIN ISLANDS NP
VIRGIN ISLANDS CORAL REEF,NM,VICR,5661-5365,SER,VIRGIN ISLANDS CORAL REEF NM
VOYAGEURS     ,NP,VOYA,6820,MWR,VOYAGEURS NP
WACO MAMMOTH,NM,WACO,7730,IMR,WACO MAMMOTH NM
WALNUT CANYON    ,NM,WACA,7475,IMR,WALNUT CANYON NM
WAR IN THE PACIFIC   ,NHP,WAPA,8790,PWR,WAR IN THE PACIFIC NHP
WASHITA BATTLEFIELD       ,NHS,WABA,7720,IMR,WASHITA BATTLEFIELD NHS
WEIR FARM  ,NHS,WEFA,1953,NER,WEIR FARM NHS
WHISKEYTOWN ,NRA,WHIS,8750,PWR,WHISKEYTOWN NRA
WHITE SANDS    ,NM,WHSA,7810,IMR,WHITE SANDS NM
WHITMAN MISSION      ,NHS,WHMI,9550,PWR,WHITMAN MISSION NHS
WILLIAM HOWARD TAFT       ,NHS,WIHO,6820,MWR,WILLIAM HOWARD TAFT NHS
WILSON’S CREEK     ,NB,WICR,6370,MWR,WILSON’S CREEK NB
WIND CAVE     ,NP,WICA,1560 - 1561,MWR,WIND CAVE NP
WOLF TRAP PARK FOR THE PERFORMING ARTS,OTHER,WOTR,3801-3817,NCR,WOLF TRAP PARK FOR THE PERFORMING ARTS OTHER
WOMEN'S RIGHTS  ,NHP,WORI,1955,NER,WOMEN'S RIGHTS NHP
WRANGELL-ST. ELIAS     ,NP,WRST,9865,AKR,WRANGELL-ST. ELIAS NP
WRANGELL-ST. ELIAS     ,NPRES,WRST,9865,AKR,WRANGELL-ST. ELIAS NPRES
WRIGHT BROTHERS     ,NMEM,WRBR,5187,SER,WRIGHT BROTHERS NMEM
WUPATKI    ,NM,WUPA,7475,IMR,WUPATKI NM
YELLOWSTONE    ,NP,YELL,1570 -  1581,IMR,YELLOWSTONE NP
YOSEMITE    ,NP,YOSE,8895,PWR,YOSEMITE NP
YUCCA HOUSE    ,NM,YUHO,1499,IMR,YUCCA HOUSE NM
ZION    ,NP,ZION,1590-1596,IMR,ZION NP
